{"data": [
    {"kanji": "政",
    "hanviet": "chính",
    "nghia": "chính phủ, chính sách, hành chính",
    "on": "セイ、ショウ",
    "kun": "まつりごと",
    "words": [{"kanji": "政党", "hanviet": "chính đảng", "read": "せいとう", "nghia": "chính đảng, đảng"},
        {"kanji": "政府", "hanviet": "chính phủ", "read": "せいふ", "nghia": "chính phủ, nhà nước"},
        {"kanji": "政治", "hanviet": "chính trị", "read": "せいじ", "nghia": "chính trị"},
        {"kanji": "政治家", "hanviet": "chính trị gia", "read": "せいじか", "nghia": "chính trị gia"},
        {"kanji": "財政", "hanviet": "tài chính", "read": "ざいせい", "nghia": "tài chính"}]
    },
    {"kanji": "政",
    "hanviet": "chính",
    "nghia": "chính phủ, chính sách, hành chính",
    "on": "セイ、ショウ",
    "kun": "まつりごと",
    "words": [{"kanji": "政党", "hanviet": "chính đảng", "read": "せいとう", "nghia": "chính đảng, đảng"},
        {"kanji": "政府", "hanviet": "chính phủ", "read": "せいふ", "nghia": "chính phủ, nhà nước"},
        {"kanji": "政治", "hanviet": "chính trị", "read": "せいじ", "nghia": "chính trị"},
        {"kanji": "政治家", "hanviet": "chính trị gia", "read": "せいじか", "nghia": "chính trị gia"},
        {"kanji": "財政", "hanviet": "tài chính", "read": "ざいせい", "nghia": "tài chính"}]
    }
]}
