{"member": [
    
    {"profile_photo_url": "https://cdn.devenb.com/img/photos/08689ca8aab2cb01d3e92d2c2fe6a7cc_thumbnail2.jpg?Expires=1607392360&Signature=lCYrXyB7hbudWRwNoh~NymkgAFrPYTX6ANz0Cf3FQTTfB82s4nY7RJrkIp2MxSNd4UXtP1dcsphg~c4ZzxbFhihjHr0IQgLWIj-EJwJStkapoW1YqERDWYJ72~QfXMhI2PpH-FdwBsu7-N3eJaW50P-WUSmT1-e9eTAsSsXy-sKmijXU~rgK6ZYnGQzLO4rMyPIqqmGzIfXuZB~9e0MTZhkXaBc064t-XfmW2kJCFNqDxEv7Gye0fY1yUdRktNEyHtDRpRvHb4TWi4-~FThZ4L4fq0C3l26MhfIBiDTjKo6v7OpscQYwQPioK58vc1BTYcnSDfZWTVjqu6QGKdnHdw__&Key-Pair-Id=APKAI4GLWPXYECDYTFKA",
    "sub_photos_url": [
        "https://cdn.devenb.com/img/photos/08689ca8aab2cb01d3e92d2c2fe6a7cc_thumbnail2.jpg?Expires=1607392360&Signature=lCYrXyB7hbudWRwNoh~NymkgAFrPYTX6ANz0Cf3FQTTfB82s4nY7RJrkIp2MxSNd4UXtP1dcsphg~c4ZzxbFhihjHr0IQgLWIj-EJwJStkapoW1YqERDWYJ72~QfXMhI2PpH-FdwBsu7-N3eJaW50P-WUSmT1-e9eTAsSsXy-sKmijXU~rgK6ZYnGQzLO4rMyPIqqmGzIfXuZB~9e0MTZhkXaBc064t-XfmW2kJCFNqDxEv7Gye0fY1yUdRktNEyHtDRpRvHb4TWi4-~FThZ4L4fq0C3l26MhfIBiDTjKo6v7OpscQYwQPioK58vc1BTYcnSDfZWTVjqu6QGKdnHdw__&Key-Pair-Id=APKAI4GLWPXYECDYTFKA",
        "https://cdn.devenb.com/img/photos/1de4836af48d68236a52bf078f15198e_thumbnail2.jpg?Expires=1607392360&Signature=wxUN4w6PzHYVJGJUIEq8EFSe7muJArgnWdAb97IvFR0wPBvRSRI6imSdSfSNd5jKpxr4WEzIB2AKwbjfe5eRepaehOhVWoJ4dkpRce35IZuSz2ssw0eoo8utbQGiW~kEMRn9hmQOFq0romCWWqpOABsVfliHnaezOQPKh2fSpaNzeCJcqYyH9JPfOlEBwSe52SIzNKLspCp57eKFPkGNxjMIKLAe5OyilPB6WSB6GD4btIGjyyvwIvaHD2eEQCHwyDFRzdVkNdcr1zbnar9T-7m~WAEdhPmTQiPGCIkEgtByv8pXkE2HyMJmK7eGQVHfWcn3zSGerA~2RK95o5GDVg__&Key-Pair-Id=APKAI4GLWPXYECDYTFKA"
    ]}
]
}






{"data": [
    {"kanji": "政",
    "hanviet": "chính",
    "nghia": "chính phủ, chính sách, hành chính",
    "on": "セイ、ショウ",
    "kun": "まつりごと",
    "words": [{"kanji": "政党", "hanviet": "chính đảng", "read": "せいとう", "nghia": "chính đảng, đảng"},
        {"kanji": "政府", "hanviet": "chính phủ", "read": "せいふ", "nghia": "chính phủ, nhà nước"},
        {"kanji": "政治", "hanviet": "chính trị", "read": "せいじ", "nghia": "chính trị"},
        {"kanji": "政治家", "hanviet": "chính trị gia", "read": "せいじか", "nghia": "chính trị gia"},
        {"kanji": "財政", "hanviet": "tài chính", "read": "ざいせい", "nghia": "tài chính"}]
    },
    {"kanji": "議",
    "hanviet": "nghị",
    "nghia": "nghị luận, nghị sự",
    "on": "ギ",
    "kun": "まつりごと",
    "words": [{"kanji": "不思議", "hanviet": "bất tư nghị", "read": "ふしぎ", "nghia": "bí ẩn, kì quái, khó hiểu"},
        {"kanji": "会議", "hanviet": "hội nghị", "read": "かいぎ", "nghia": "họp, cuộc họp"},
        {"kanji": "会議室", "hanviet": "hội nghị thất", "read": "かいぎしつ", "nghia": "phòng họp"},
        {"kanji": "議員", "hanviet": "nghị viên", "read": "ぎいん", "nghia": "đại biểu quốc hội, nghị viên"},
        {"kanji": "議論", "hanviet": "nghị luận", "read": "ぎろん", "nghia": "tranh luận, thảo luận"}
    ]
    },
    {"kanji": "対",
    "hanviet": "Đối",
    "nghia": "đối diện, phản đối, đối với",
    "on": "タイ、ツイ",
    "kun": "",
    "words": [{"kanji": "１対２", "hanviet": "đối", "read": "いちたいに", "nghia": ""},
        {"kanji": "反対", "hanviet": "phản đối", "read": "はんたい", "nghia": "phản đối"},
        {"kanji": "対する", "hanviet": "đối", "read": "たいする", "nghia": "đối với"}]
    },
    {"kanji": "選",
    "hanviet": "tuyển",
    "nghia": "tuyển chọn",
    "on": "セン",
    "kun": "えら・ぶ",
    "words": [{"kanji": "洗濯", "hanviet": "tẩy tuyển", "read": "せんたく", "nghia": "giặt, giặt giũ"},
        {"kanji": "選択", "hanviet": "tuyển trạch", "read": "せんたく", "nghia": "chọn lựa"},
        {"kanji": "選ぶ", "hanviet": "tuyển", "read": "えらぶ", "nghia": "chọn"},
        {"kanji": "選手", "hanviet": "tuyển thủ", "read": "せんしゅ", "nghia": "cầu thủ, tuyển thủ"},
        {"kanji": "選挙", "hanviet": "tuyển cử", "read": "せんきょ", "nghia": "bầu cử, tuyển cử"},
        {"kanji": "選考", "hanviet": "tuyển khảo", "read": "せんこう", "nghia": "lựa chọn, tuyển cử"}]
    },
    {"kanji": "相",
    "hanviet": "tương, tướng",
    "nghia": "tương hỗ, tương tự, tương đương, thủ tướng",
    "on": "ソウ、ショウ",
    "kun": "あい",
    "words": [{"kanji": "外相", "hanviet": "ngoại tương", "read": "がいしょう", "nghia": "bộ trưởng ngoại giao"},
        {"kanji": "相変わらず", "hanviet": "tương ái", "read": "あいかわらず", "nghia": "như mọi khi, như thường"},
        {"kanji": "相当", "hanviet": "tương đương", "read": "そうとう", "nghia": "tương đương, tương đối"},
        {"kanji": "相手", "hanviet": "tương thủ", "read": "あいて", "nghia": "đối tác, đối thủ, nửa còn lại"},
        {"kanji": "相撲", "hanviet": "tương  phác", "read": "すもう", "nghia": "vật sumo"},
        {"kanji": "相談", "hanviet": "tương đàm", "read": "そうだん", "nghia": "trao đổi, thảo luận"},
        {"kanji": "首相", "hanviet": "thủ tương", "read": "しゅしょう", "nghia": "thủ tướng"}]
    },
    {"kanji": "関",
    "hanviet": "quan",
    "nghia": "hải quan, quan hệ",
    "on": "カン",
    "kun": "せき",
    "words": [{"kanji": "内玄関", "hanviet": "nội hệ quan", "read": "ないげんかん", "nghia": "cửa ra vào"},
        {"kanji": "機関", "hanviet": "ki quan", "read": "きかん", "nghia": "cơ quan"},
        {"kanji": "機関誌", "hanviet": "ki quan chí", "read": "きかんし", "nghia": "thông cáo, thông báo"},
        {"kanji": "関する", "hanviet": "quan", "read": "かんする", "nghia": "liên quan đến, về (vấn đề)"},
        {"kanji": "関わる", "hanviet": "quan", "read": "かかわる", "nghia": "liên quan, về"},
        {"kanji": "関心", "hanviet": "quan tâm", "read": "かんしん", "nghia": "quan tâm"},
        {"kanji": "機関車", "hanviet": "ki quan xa", "read": "きかんしゃ", "nghia": "đầu máy, động cơ"}]
    },
    {"kanji": "実",
    "hanviet": "thực",
    "nghia": "sự thực, chân thực",
    "on": "ジツ",
    "kun": "み、みの・る",
    "words": [{"kanji": "事実", "hanviet": "sự thực", "read": "じじつ", "nghia": "sự thực"},
        {"kanji": "実", "hanviet": "thực", "read": "じつ", "nghia": "thực ra"},
        {"kanji": "実は", "hanviet": "thực", "read": "じつは", "nghia": "thật ra là, nói thật là, thực ra"},
        {"kanji": "実る", "hanviet": "thực", "read": "みの・る", "nghia": "chín, ra hoa, kết trái"},
        {"kanji": "実行", "hanviet": "thực hành", "read": "じっこう", "nghia": "thực hành"},
        {"kanji": "実際", "hanviet": "thực tế", "read": "じっさい", "nghia": "sự thực, thực tế"},
        {"kanji": "実験", "hanviet": "thực nghiệm", "read": "じっけん", "nghia": "thử nghiệm, thực nghiệm"},
        {"kanji": "現実", "hanviet": "hiện thực", "read": "げんじつ", "nghia": "hiện thực, thực tại"}]
    },
    {"kanji": "",
    "hanviet": "",
    "nghia": "",
    "on": "",
    "kun": "",
    "words": [{"kanji": "", "hanviet": "", "read": "", "nghia": ""},
        {"kanji": "", "hanviet": "", "read": "", "nghia": ""},
        {"kanji": "", "hanviet": "", "read": "", "nghia": ""},
        {"kanji": "", "hanviet": "", "read": "", "nghia": ""},
        {"kanji": "", "hanviet": "", "read": "", "nghia": ""}]
    },
    {"kanji": "",
    "hanviet": "",
    "nghia": "",
    "on": "",
    "kun": "",
    "words": [{"kanji": "", "hanviet": "", "read": "", "nghia": ""},
        {"kanji": "", "hanviet": "", "read": "", "nghia": ""},
        {"kanji": "", "hanviet": "", "read": "", "nghia": ""},
        {"kanji": "", "hanviet": "", "read": "", "nghia": ""},
        {"kanji": "", "hanviet": "", "read": "", "nghia": ""}]
    },
    {"kanji": "",
    "hanviet": "",
    "nghia": "",
    "on": "",
    "kun": "",
    "words": [{"kanji": "", "hanviet": "", "read": "", "nghia": ""},
        {"kanji": "", "hanviet": "", "read": "", "nghia": ""},
        {"kanji": "", "hanviet": "", "read": "", "nghia": ""},
        {"kanji": "", "hanviet": "", "read": "", "nghia": ""},
        {"kanji": "", "hanviet": "", "read": "", "nghia": ""}]
    },
    {"kanji": "",
    "hanviet": "",
    "nghia": "",
    "on": "",
    "kun": "",
    "words": [{"kanji": "", "hanviet": "", "read": "", "nghia": ""},
        {"kanji": "", "hanviet": "", "read": "", "nghia": ""},
        {"kanji": "", "hanviet": "", "read": "", "nghia": ""},
        {"kanji": "", "hanviet": "", "read": "", "nghia": ""},
        {"kanji": "", "hanviet": "", "read": "", "nghia": ""}]
    }
]}
